dataset,classifier,window_size,n_seeds,seeds_usadas,n_users_mean,n_users_consistente,n_users_skipped_mean,mean_score_n,mean_score_mean,mean_score_std,mean_score_min,mean_score_max,mean_score_median,mean_score_cv,mean_balanced_score_n,mean_balanced_score_mean,mean_balanced_score_std,mean_balanced_score_min,mean_balanced_score_max,mean_balanced_score_median,mean_balanced_score_cv,mean_f1_macro_n,mean_f1_macro_mean,mean_f1_macro_std,mean_f1_macro_min,mean_f1_macro_max,mean_f1_macro_median,mean_f1_macro_cv,mean_f1_weighted_n,mean_f1_weighted_mean,mean_f1_weighted_std,mean_f1_weighted_min,mean_f1_weighted_max,mean_f1_weighted_median,mean_f1_weighted_cv,mean_precision_macro_n,mean_precision_macro_mean,mean_precision_macro_std,mean_precision_macro_min,mean_precision_macro_max,mean_precision_macro_median,mean_precision_macro_cv,mean_recall_macro_n,mean_recall_macro_mean,mean_recall_macro_std,mean_recall_macro_min,mean_recall_macro_max,mean_recall_macro_median,mean_recall_macro_cv
balabit,knn,10,5,"001,002,003,004,005",10.0,True,0.0,5,0.6548090118872876,0.001306213172244817,0.6533731080955212,0.6559592293696298,0.6554131242550756,0.0019948002372173457,5,0.6671059992582878,0.0009404726263406804,0.6657176153716515,0.6678973291476235,0.6676374879891516,0.0014097798961279486,5,0.6289762677208135,0.0016035549650316046,0.6270944329546261,0.6307131961931474,0.6296655375674582,0.0025494681553603253,5,0.6542319190826985,0.0016968545424258848,0.6520923876654329,0.6561077926215594,0.6547169096861138,0.002593659057181209,5,0.6500183867708715,0.0010426393515431023,0.6486468598641716,0.6511753377915156,0.650411623700075,0.0016040151675134505,5,0.6671059992582878,0.0009404726263406804,0.6657176153716515,0.6678973291476235,0.6676374879891516,0.0014097798961279486
balabit,knn,100,5,"001,002,003,004,005",10.0,True,0.0,5,0.6765677843760246,0.004551854708557689,0.6716877889306991,0.6825266458835842,0.6755611383127216,0.006727862031970248,5,0.6892234145957019,0.004098785562469342,0.684188943328587,0.6937469413424433,0.6908198734477494,0.005946962154316372,5,0.6489637916020754,0.005620897890505255,0.642640511906862,0.6549987713482317,0.6504339192031883,0.008661342841068422,5,0.6717443974774587,0.005695680007150494,0.6648843650866328,0.6778812635438187,0.672402755301132,0.008478939353329879,5,0.6751826899862983,0.0043113688378325086,0.6700871984568837,0.6808710638571596,0.6756722171845351,0.006385484849915214,5,0.6892234145957019,0.004098785562469342,0.684188943328587,0.6937469413424433,0.6908198734477494,0.005946962154316372
balabit,knn,150,5,"001,002,003,004,005",10.0,True,0.0,5,0.6849360414519209,0.00752732118896949,0.6779032189829709,0.6962549208535697,0.6835755936105439,0.010989816177599804,5,0.6943823313771945,0.00597362810675722,0.6871759464011798,0.7036977336602327,0.6942461368319874,0.008602793931852355,5,0.6569604914887124,0.007902606898261954,0.6490841988858962,0.6685684966346788,0.6554312181690397,0.01202904436514008,5,0.679462068399552,0.008269194717629076,0.6720663349597368,0.6917933397055822,0.6773942660633866,0.012170208025161524,5,0.6851646173711181,0.006162201191653025,0.6796209005807908,0.695535901423762,0.6841557004480526,0.008993752793739611,5,0.6943823313771945,0.00597362810675722,0.6871759464011798,0.7036977336602327,0.6942461368319874,0.008602793931852355
balabit,knn,200,5,"001,002,003,004,005",10.0,True,0.0,5,0.6817529068143783,0.005216601593812966,0.6751881354435618,0.6865438507436756,0.6831636098058725,0.007651748223837492,5,0.691693698089524,0.002985950167458283,0.6883671512451726,0.6949942533523679,0.6913939460282766,0.0043168676766978725,5,0.6534661047401086,0.00573780813311025,0.6474257253661222,0.6599251487811607,0.6527320621961347,0.008780574985434395,5,0.6749267798763052,0.005973307111850113,0.6684610002174048,0.6817837499288589,0.6740724836897061,0.008850303899550185,5,0.6839045477344863,0.004923921678677445,0.6762552906329566,0.6893157131715502,0.6842610021613379,0.007199720626202167,5,0.691693698089524,0.002985950167458283,0.6883671512451726,0.6949942533523679,0.6913939460282766,0.0043168676766978725
balabit,knn,250,5,"001,002,003,004,005",10.0,True,0.0,5,0.6908926332581113,0.005232200878366667,0.6848410082920895,0.6973541156796206,0.6908923024429147,0.007573102717411612,5,0.6989732989979998,0.0057129056154595695,0.6918868777825777,0.7049216089049486,0.6999012965306538,0.008173281616979075,5,0.663209251901171,0.006966703174462505,0.6547473007593314,0.6726896949505121,0.6636547840116485,0.010504532550611428,5,0.6840524397262141,0.006661893892713941,0.6755039551019884,0.6930173552220535,0.6844000175795355,0.009738864311894429,5,0.6925799075216241,0.005328785524504674,0.6860509677810509,0.697459712956998,0.694390685737233,0.00769410932461724,5,0.6989732989979998,0.0057129056154595695,0.6918868777825777,0.7049216089049486,0.6999012965306538,0.008173281616979075
balabit,knn,50,5,"001,002,003,004,005",10.0,True,0.0,5,0.6730827788973835,0.0026594498325923487,0.6696264018133753,0.6758415955340709,0.6734565806594959,0.003951148233132557,5,0.6879561871602065,0.0017745021536293012,0.6863741326312123,0.6906393407757455,0.6872292520619179,0.0025793825053804877,5,0.6457072162152196,0.002475946279117213,0.6421018926987119,0.6487140026054742,0.645791769349477,0.003834472059379865,5,0.6684656341211512,0.0028390263297030133,0.6639562783302688,0.6708950003256324,0.6694418335594666,0.004247078959317862,5,0.6698445025047846,0.002059112753819668,0.6680367276489341,0.6725880399441994,0.6685935281093187,0.0030740160531584865,5,0.6879561871602065,0.0017745021536293012,0.6863741326312123,0.6906393407757455,0.6872292520619179,0.0025793825053804877
balabit,mlp,10,5,"001,002,003,004,005",10.0,True,0.0,5,0.6722428142815938,0.004373657823575395,0.6670712357840881,0.6780168169093459,0.6728579792771824,0.006506068537525975,5,0.6910652828464577,0.002336974443304461,0.6894910405549354,0.6949214274214917,0.689649975761374,0.003381698518667584,5,0.652220114747481,0.0042905162869089,0.6477313317078913,0.6582483876223136,0.6506632204153515,0.006578325614152596,5,0.6731037255101797,0.005346166662607497,0.6681711778577105,0.6808196655185358,0.6715230894628256,0.007942559905689667,5,0.6694067844353203,0.0022842496781091803,0.6656144652164206,0.6718271891387104,0.6698437220621509,0.003412349159317327,5,0.6910652828464577,0.002336974443304461,0.6894910405549354,0.6949214274214917,0.689649975761374,0.003381698518667584
balabit,mlp,100,5,"001,002,003,004,005",10.0,True,0.0,5,0.6990459352884691,0.005228864197787904,0.6926559869022316,0.7037675128325646,0.7017174418182981,0.007480000860930769,5,0.7053232672357238,0.006509415949406018,0.6979529329766986,0.7142001728064338,0.7053650271520449,0.009228982300438598,5,0.6767135090585377,0.005978584828230858,0.6701703891751049,0.6830722871532731,0.6789575116795701,0.008834735450380516,5,0.7014950650611468,0.005467885676180571,0.6943672225869915,0.7066583253440639,0.7039371165636038,0.007794617451377161,5,0.6861182764659962,0.005839018443874599,0.6797494801007911,0.693701839136915,0.6880312999529399,0.008510221406649818,5,0.7053232672357238,0.006509415949406018,0.6979529329766986,0.7142001728064338,0.7053650271520449,0.009228982300438598
balabit,mlp,150,5,"001,002,003,004,005",10.0,True,0.0,5,0.6922700930466206,0.006897299267076569,0.6818989559081583,0.699579670998473,0.6934524571194369,0.00996330671562331,5,0.7017052526253391,0.00622946134614909,0.6925850226631317,0.7101571581595671,0.7018107108685065,0.008877603983784316,5,0.6698483817097745,0.007857788274307474,0.658206708607106,0.6802910832234133,0.6699002688492266,0.011730696809702857,5,0.6934945706053407,0.006455076595597087,0.6847484147342411,0.702272444331232,0.6939373686281253,0.009308042008119185,5,0.6836782525592563,0.006837713020916871,0.6722382287308805,0.689966877725303,0.6842788397243107,0.010001361013489642,5,0.7017052526253391,0.00622946134614909,0.6925850226631317,0.7101571581595671,0.7018107108685065,0.008877603983784316
balabit,mlp,200,5,"001,002,003,004,005",10.0,True,0.0,5,0.7006063187024856,0.009326799544757845,0.6884359768887327,0.711556739979874,0.7007367127517621,0.013312468494476277,5,0.7077463556868211,0.007650659070824092,0.7000189672802342,0.7184934757085368,0.7056149823928175,0.010809888329837647,5,0.6787403115675945,0.008913790280111265,0.6673791989546394,0.6900107141097195,0.6771581015448239,0.013132843486965275,5,0.7019761609663056,0.009722262683979346,0.6902254256736152,0.7126405843789365,0.7041794013079702,0.013849847366036137,5,0.6918874263039083,0.008944882144270458,0.6825892213417715,0.7038207382681532,0.6922594458367172,0.01292823341515887,5,0.7077463556868211,0.007650659070824092,0.7000189672802342,0.7184934757085368,0.7056149823928175,0.010809888329837647
balabit,mlp,250,5,"001,002,003,004,005",10.0,True,0.0,5,0.6940222972002593,0.011852043350977073,0.6737740972746042,0.7041093829097494,0.6985221654130485,0.017077323594341495,5,0.7019061914988802,0.010414158667608043,0.6855031856849892,0.7144914537021761,0.7032929864043208,0.014836966525924507,5,0.6702440881096913,0.013365247759534769,0.6471487357264398,0.6816248485986761,0.6733930738969031,0.019940866315179537,5,0.693526493688295,0.013502071795526208,0.6697351819844443,0.7013700853414105,0.7002327337643723,0.019468718092829927,5,0.6835176543097425,0.011660599774550803,0.6667059711290915,0.6972016629389631,0.6833390111342167,0.01705969070590632,5,0.7019061914988802,0.010414158667608043,0.6855031856849892,0.7144914537021761,0.7032929864043208,0.014836966525924507
balabit,mlp,50,5,"001,002,003,004,005",10.0,True,0.0,5,0.6946479175418918,0.009226670076055193,0.6835537362006681,0.7043265823129348,0.6912940479930474,0.01328251311643609,5,0.7035144463294015,0.005099089112653746,0.6977783104273735,0.7095091963838647,0.7022726393105547,0.007248023319575496,5,0.6740736733689416,0.007235314810672549,0.6653720779326121,0.6818450556109317,0.6748293076785893,0.0107337151657493,5,0.6969355832834205,0.007518251882986258,0.686990130353685,0.7058289879296614,0.6960213371807937,0.010787585055660496,5,0.6851264587052986,0.009236709720527902,0.6745865883353565,0.6949210971378459,0.6843237726504994,0.01348175888285318,5,0.7035144463294015,0.005099089112653746,0.6977783104273735,0.7095091963838647,0.7022726393105547,0.007248023319575496
balabit,random-forest,10,5,"001,002,003,004,005",10.0,True,0.0,5,0.7000747976256084,0.0008353083009449722,0.6990668716085235,0.7013592483872735,0.6998919502896015,0.001193170078080264,5,0.7204208665429388,0.001197057944264519,0.7188365890332189,0.7222112527588921,0.720344108357045,0.0016616092063085344,5,0.6837464149963745,0.0010805522578929319,0.6825021794538777,0.6851669266845668,0.6837693500089242,0.0015803406558243694,5,0.7012191141741618,0.0008754179104220408,0.7001182015257281,0.702265866175785,0.7014192678252917,0.001248422772178759,5,0.6995579828930267,0.0009976371149793737,0.6987382124243393,0.7012223733686395,0.6994133709446573,0.0014260963914008082,5,0.7204208665429388,0.001197057944264519,0.7188365890332189,0.7222112527588921,0.720344108357045,0.0016616092063085344
balabit,random-forest,100,5,"001,002,003,004,005",10.0,True,0.0,5,0.7273559520851532,0.0025418902031258575,0.7253689341722714,0.7317090838830126,0.7263085740172066,0.003494699116490178,5,0.7418894263200034,0.002855633650972108,0.7393712370355414,0.7464293933331617,0.7417361735504351,0.0038491364746050054,5,0.7120675372856233,0.002483299372001014,0.7102846320682595,0.716327906996941,0.7116239340421909,0.0034874492122857685,5,0.7301522917808894,0.0023293303820652845,0.7282249312534861,0.7340911472840365,0.7295968296683818,0.003190198001548273,5,0.7210448661571676,0.0024040868608216936,0.7196082702482882,0.7253037444824265,0.7200678939983457,0.0033341709700179323,5,0.7418894263200034,0.002855633650972108,0.7393712370355414,0.7464293933331617,0.7417361735504351,0.0038491364746050054
balabit,random-forest,150,5,"001,002,003,004,005",10.0,True,0.0,5,0.731312155893379,0.00393177178241282,0.7259221660568321,0.7355179464847178,0.7331684352055292,0.005376324939669196,5,0.7444988962721847,0.003119840324900429,0.7409624217622142,0.7476594496005273,0.7447616968242332,0.004190523774476937,5,0.7160789763146941,0.003820101306604681,0.7108674640516177,0.7196004679801431,0.7181424180011184,0.005334748586342895,5,0.7349156572611222,0.003928144330584586,0.72957565078384,0.7387382316071686,0.73712672386687,0.005345027407939522,5,0.7233126398990646,0.0034920641659786722,0.719168525801796,0.7267268512278486,0.7249295629696219,0.004827876596302777,5,0.7444988962721847,0.003119840324900429,0.7409624217622142,0.7476594496005273,0.7447616968242332,0.004190523774476937
balabit,random-forest,200,5,"001,002,003,004,005",10.0,True,0.0,5,0.7335429615845187,0.0031088956371666354,0.7293735968330843,0.7364965315372515,0.7349700580074565,0.004238191626092549,5,0.7426629680089828,0.002379949395149349,0.7390173806122334,0.7455333848646535,0.7429607351153671,0.0032046156839215965,5,0.7167234352098014,0.003087312876578921,0.7124437805594009,0.7192930580578285,0.7184203074042907,0.004307537224138895,5,0.7366721943169985,0.003229628431924221,0.7319809894051428,0.7394874752893502,0.7385083757421637,0.004384078097203808,5,0.7226686328778896,0.0026231223099807324,0.7187141375956653,0.7246093064485868,0.7242135626686642,0.003629771918472024,5,0.7426629680089828,0.002379949395149349,0.7390173806122334,0.7455333848646535,0.7429607351153671,0.0032046156839215965
balabit,random-forest,250,5,"001,002,003,004,005",10.0,True,0.0,5,0.738732271585773,0.004842776129102421,0.7314384345741167,0.7426243558238934,0.7412869942674737,0.006555522637053407,5,0.7475761776435101,0.00447776368949722,0.7413060091759193,0.7524842403820471,0.7473607234319614,0.005989708906471456,5,0.7217539553282801,0.004561571460153594,0.7166318711207285,0.725633339676611,0.7241798354718251,0.006320119794949825,5,0.7421323545237315,0.004700402667841532,0.7355992317252812,0.7463820068069965,0.744110404802294,0.00633364471874838,5,0.7293825919659815,0.003803310728988848,0.7236120339509793,0.7339054487945933,0.7300612630582384,0.005214424872325763,5,0.7475761776435101,0.00447776368949722,0.7413060091759193,0.7524842403820471,0.7473607234319614,0.005989708906471456
balabit,random-forest,50,5,"001,002,003,004,005",10.0,True,0.0,5,0.7194859913376215,0.0039652705953070145,0.7154624436982056,0.7258605186175908,0.7195083742944285,0.005511254761103884,5,0.7357855976418326,0.002169332689921089,0.7324757946206134,0.7384478989576021,0.7361757215145965,0.0029483217623091904,5,0.7043189745850136,0.0036043983620989155,0.7006229708608555,0.7101140626651034,0.7043405442175916,0.005117565325032789,5,0.721582306144277,0.003996505090634736,0.7181997124851345,0.7282770876309165,0.7212007797060955,0.005538529779076448,5,0.7156966229368189,0.0031895944023158165,0.7103999487308853,0.7189197638409387,0.7160855640609518,0.004456629108053499,5,0.7357855976418326,0.002169332689921089,0.7324757946206134,0.7384478989576021,0.7361757215145965,0.0029483217623091904
bogazici,knn,100,5,"001,002,003,004,005",19.0,True,0.0,5,0.6262680591974339,0.0024667742439013767,0.6227565803772084,0.6285700039817237,0.6273773777710815,0.003938847283801384,5,0.6474487290770673,0.002177696444528925,0.6445256886682224,0.6498096081427832,0.6482033772761522,0.003363504084150745,5,0.6010304223334783,0.002842745886118221,0.597294852101301,0.6038588621422317,0.6020757271673007,0.004729787013245296,5,0.6277559827686915,0.0030260668992310082,0.6238375505264893,0.6306914811543713,0.629034856693254,0.0048204509113312895,5,0.6499001163764154,0.0016237991351964656,0.6474653333027505,0.651304739861767,0.6507410801400315,0.0024985364585717014,5,0.6474487290770673,0.002177696444528925,0.6445256886682224,0.6498096081427832,0.6482033772761522,0.003363504084150745
bogazici,knn,150,5,"001,002,003,004,005",19.0,True,0.0,5,0.6312220842216627,0.0012170561350609277,0.6291838561597404,0.6323985295692147,0.6314053049750049,0.0019280949850822092,5,0.6527165438767277,0.0013951584913503652,0.6505514050088778,0.6544175051137289,0.652877709155484,0.0021374645769877336,5,0.6068255140762734,0.0016086116091990584,0.6043624155528226,0.6086687572109717,0.607048166088524,0.002650863505051747,5,0.633583646826135,0.0015309550692664362,0.6312436512842272,0.6352063946102223,0.6336847552598277,0.002416342462334028,5,0.6540159391678293,0.0013550923570967099,0.6518726928965884,0.6550780093969027,0.654551967039216,0.0020719561648924506,5,0.6527165438767277,0.0013951584913503652,0.6505514050088778,0.6544175051137289,0.652877709155484,0.0021374645769877336
bogazici,knn,200,5,"001,002,003,004,005",19.0,True,0.0,5,0.6355371037886932,0.00224546587953272,0.6326226107997807,0.6386635938088738,0.635031038947932,0.0035331782615784213,5,0.6565891116911773,0.0020084905938821253,0.6542871584688597,0.6594436142161202,0.656576606545832,0.0030589763950073035,5,0.6120886062704403,0.0022997626776339766,0.6092704454718872,0.6155314969604944,0.6120061748944604,0.0037572381744643488,5,0.6391930606618469,0.0023656079075863763,0.6360714302157114,0.6426361936448969,0.638875136825253,0.0037009286445270984,5,0.6565560165087716,0.001991914660609643,0.6543787843631383,0.6589602251591523,0.656195047407657,0.003033883797458173,5,0.6565891116911773,0.0020084905938821253,0.6542871584688597,0.6594436142161202,0.656576606545832,0.0030589763950073035
bogazici,knn,250,5,"001,002,003,004,005",19.0,True,0.0,5,0.6429738236443041,0.0016631298936874972,0.6411105288188961,0.645170206652794,0.6430923864826293,0.0025866214650249087,5,0.6616848177517443,0.0010709969321252516,0.6607113409514636,0.6628777915926687,0.6610210619540536,0.001618590760120895,5,0.6192255526768896,0.001414047678594451,0.6178596127656345,0.6209947392909173,0.6187361471656121,0.002283574494756513,5,0.6474203272567449,0.001609769796194375,0.6456950507522667,0.6494975662392991,0.6472385095303622,0.002486436907248967,5,0.6602995844170989,0.0007086657978480255,0.6594714648500215,0.6611123885967222,0.6605870585661733,0.0010732488927334756,5,0.6616848177517443,0.0010709969321252516,0.6607113409514636,0.6628777915926687,0.6610210619540536,0.001618590760120895
bogazici,mlp,100,5,"001,002,003,004,005",19.0,True,0.0,5,0.6753448715918117,0.00354890403596074,0.6702174050355503,0.6791140745748055,0.6768937116385306,0.005254950744788878,5,0.7092304737516671,0.0025621274840142544,0.706472665723163,0.712957451134507,0.7084762986433184,0.003612545679913027,5,0.6571206612380435,0.0033025282834007147,0.6524971258121557,0.661310954248159,0.6575702721932207,0.005025756270056416,5,0.6779386148834583,0.003814660625743186,0.672484842356326,0.6818055560324042,0.6792259669451862,0.0056268525527181385,5,0.7051747590182641,0.003388989863748852,0.7015346894314951,0.710049336233803,0.7048281577194758,0.004805886513106288,5,0.7092304737516671,0.0025621274840142544,0.706472665723163,0.712957451134507,0.7084762986433184,0.003612545679913027
bogazici,mlp,150,5,"001,002,003,004,005",19.0,True,0.0,5,0.6833640648814597,0.005235322211262577,0.6758355601689928,0.6894596536587893,0.6835304325789404,0.007661102595687009,5,0.7091812286818356,0.004490826728631814,0.7022628287369741,0.7145928403801084,0.7094562274719295,0.006332410598316274,5,0.6611175799559998,0.0056179010305341635,0.6525325762663035,0.6670528458808558,0.6619650026461351,0.008497582277131488,5,0.6856102715131694,0.005753566177141152,0.6768881097172461,0.6915848603445002,0.6862031022826109,0.008391890285486535,5,0.7056113352259705,0.005968970230816352,0.6986805537691341,0.7151059909936022,0.7053084136279727,0.008459289034670626,5,0.7091812286818356,0.004490826728631814,0.7022628287369741,0.7145928403801084,0.7094562274719295,0.006332410598316274
bogazici,mlp,200,5,"001,002,003,004,005",19.0,True,0.0,5,0.6846118710891002,0.0037886231788517005,0.6797936904326,0.6889372601464178,0.686348283565639,0.005533972370103151,5,0.7080730018692598,0.0034115300442374777,0.7047016484634439,0.7138278631973376,0.7074088504050157,0.004818048471317637,5,0.6633138623064658,0.0038087670996963135,0.6598196942868952,0.6695647341667291,0.6621126045924273,0.00574202849681525,5,0.6887618643114247,0.003877861338497674,0.6848149815382524,0.6945793898378954,0.6888310352910075,0.005630191709836439,5,0.702133774152619,0.003335280305392775,0.6972174802372242,0.7055533066529476,0.7035550518023164,0.004750206339836037,5,0.7080730018692598,0.0034115300442374777,0.7047016484634439,0.7138278631973376,0.7074088504050157,0.004818048471317637
bogazici,mlp,250,5,"001,002,003,004,005",19.0,True,0.0,5,0.6863047919435925,0.004561523689299749,0.6787786366649032,0.6906676315551905,0.6876308212084797,0.006646498382127952,5,0.7064980042646283,0.004383973711021447,0.699224487153427,0.7107705197485256,0.7070064993675547,0.00620521740267984,5,0.6632130206952729,0.004159124109824454,0.6591302318693103,0.6679470696886454,0.6628737873975783,0.006271173785858844,5,0.6903447633176344,0.004927486255086578,0.6828542194957133,0.6952151103568033,0.6908105817607645,0.007137718017018394,5,0.698526674870331,0.0028542906985426423,0.6938763315295932,0.7013266539505405,0.6993032149275225,0.004086158483600487,5,0.7064980042646283,0.004383973711021447,0.699224487153427,0.7107705197485256,0.7070064993675547,0.00620521740267984
bogazici,random-forest,100,5,"001,002,003,004,005",19.0,True,0.0,5,0.6514499425634696,0.0032106541137358778,0.6477923081805189,0.6550908793994026,0.6510078845273798,0.004928474014598704,5,0.6936025434111753,0.0025844111955424095,0.690618032258102,0.6961071837348606,0.6942411299092968,0.003726069375167129,5,0.6275827265378664,0.0038210280331201106,0.6225926980550114,0.6315295003527467,0.627272683108808,0.006088485026028774,5,0.641971560091703,0.004145987307074916,0.6367895308646576,0.6463667823104168,0.6411000798186565,0.006458210246078002,5,0.7097395428319986,0.002219542222383221,0.7063908056934596,0.7117452997352582,0.7106888389392376,0.0031272630147206066,5,0.6936025434111753,0.0025844111955424095,0.690618032258102,0.6961071837348606,0.6942411299092968,0.003726069375167129
bogazici,random-forest,150,5,"001,002,003,004,005",19.0,True,0.0,5,0.6683797146584759,0.00204792155749542,0.6662040849347781,0.6711585687168793,0.6676475851763779,0.0030640091441761557,5,0.707916317741007,0.0016822123131872595,0.7059249716222132,0.7101978068318978,0.707764226131365,0.002376286957977286,5,0.6471195892963316,0.0022245733440117293,0.6443408500539315,0.6498104095491409,0.6466089119555474,0.0034376541535865077,5,0.6631496646204181,0.0024939783428084075,0.6598190372603522,0.6659476972166157,0.6626611159423001,0.003760807666601086,5,0.7162668379678947,0.0017801016546913396,0.713649047473373,0.7182237758677561,0.7161433352723838,0.002485249295837328,5,0.707916317741007,0.0016822123131872595,0.7059249716222132,0.7101978068318978,0.707764226131365,0.002376286957977286
bogazici,random-forest,200,5,"001,002,003,004,005",19.0,True,0.0,5,0.6731984668534794,0.003771742789738148,0.6684659971586497,0.6786145667508534,0.6734350461964725,0.005602720409283199,5,0.7102815418006821,0.004244220567979789,0.7052592627571643,0.7167581729400121,0.7104903446638314,0.005975405973833957,5,0.6513658991263795,0.005649988444708477,0.6444686102168579,0.6594069802167543,0.6512616275679992,0.008674062385344882,5,0.668853235297939,0.005571637497509989,0.6620667492686516,0.6765270533628183,0.6687185169468906,0.008330134629651775,5,0.7167430844957243,0.0022059360179451583,0.7148810958396142,0.7204639298286621,0.7160133067339927,0.003077722081542201,5,0.7102815418006821,0.004244220567979789,0.7052592627571643,0.7167581729400121,0.7104903446638314,0.005975405973833957
bogazici,random-forest,250,5,"001,002,003,004,005",19.0,True,0.0,5,0.6795028447133303,0.0036343384219317547,0.674885306533286,0.6848327657500115,0.6787130144663562,0.00534852569081593,5,0.7155725000805984,0.0026420539463942725,0.7127024817394082,0.7198227068314492,0.7154107439730275,0.003692223983029931,5,0.6590866296565174,0.0033089678478595537,0.6551301856010121,0.6637415662720624,0.6592300722887391,0.0050205355395906304,5,0.6774591976279908,0.003920358202960704,0.6726596776253586,0.6828217756508238,0.6773864795072511,0.005786855085423857,5,0.7186878721582144,0.003203035734816416,0.7162609245231354,0.7242845032253072,0.7174262416184949,0.004456782782764544,5,0.7155725000805984,0.0026420539463942725,0.7127024817394082,0.7198227068314492,0.7154107439730275,0.003692223983029931
minecraft,knn,10,5,"001,002,003,004,005",40.0,True,0.0,5,0.5682516953630826,0.001527701919166769,0.5664464188050882,0.5699747550131657,0.567930420794821,0.00268842474493745,5,0.5693838029591849,0.0015305047564367802,0.5675960525539282,0.5711148527633941,0.569069981743304,0.0026880019215202214,5,0.5506262627343997,0.001499420529117618,0.5489419796736525,0.5526031181117437,0.5501494723379605,0.0027231184391233424,5,0.5499563281502946,0.0014957929116449465,0.5482710093568844,0.5519316754456765,0.54947870703199,0.002719839440116724,5,0.571416509032299,0.0015176534379997054,0.5694422441547313,0.5728492556763166,0.5718982065250333,0.002655949581453064,5,0.5693838029591849,0.0015305047564367802,0.5675960525539282,0.5711148527633941,0.569069981743304,0.0026880019215202214
minecraft,knn,100,5,"001,002,003,004,005",40.0,True,0.0,5,0.5967690789689932,0.004292919987935622,0.5915863774762113,0.6033530703115757,0.596020839279275,0.007193603253292338,5,0.5953312827502977,0.004853012348685238,0.5911681682712829,0.6015143509044076,0.592753479853373,0.008151784542994958,5,0.5767942898252469,0.005638512678490994,0.5708367193758751,0.5848779255829513,0.5744440564821065,0.009775604193653357,5,0.5851488461638928,0.0051882130340824275,0.5791732602277588,0.5930265040655576,0.5842343656303063,0.008866484259680611,5,0.6075007609868506,0.006884581803537586,0.6011084819375601,0.6186676867000406,0.6059646473898613,0.011332630748238032,5,0.5953312827502977,0.004853012348685238,0.5911681682712829,0.6015143509044076,0.592753479853373,0.008151784542994958
minecraft,knn,150,5,"001,002,003,004,005",40.0,True,0.0,5,0.620585210908159,0.007311378847698037,0.6086746433966185,0.6272847200396656,0.6213993651021177,0.0117814261751398,5,0.6212114185186135,0.007709322024141776,0.6088009535307555,0.6276838414802782,0.623049058127831,0.012410142174343788,5,0.5805962325037101,0.01152461190847518,0.5648685118898179,0.593092293572842,0.5772645466557392,0.01984961538378831,5,0.6135527198864111,0.006624188446366764,0.6021865289602568,0.6193267461776075,0.6149360262766544,0.010796445409928457,5,0.6081063103065855,0.010907041581608028,0.5930764087731701,0.6197012119454929,0.6059811118819504,0.01793607696014384,5,0.5931283332011532,0.01217271439920223,0.5774604277371047,0.6057395576529375,0.5895619549532278,0.02052290156753308
minecraft,knn,200,5,"001,002,003,004,005",40.0,True,0.0,5,0.6649834458945872,0.010011854613629441,0.6561605613095306,0.6794972729453116,0.6613040726559755,0.015055795261430483,5,0.6646350583146398,0.010380558272117698,0.6554358941335588,0.6797291325641981,0.660577203498893,0.015618433217231099,5,0.5073986735880123,0.006294055162632183,0.49849325576646597,0.5157623233528399,0.5067796289980283,0.012404555806432217,5,0.718096751175453,0.008592800880783283,0.7083807082882073,0.7298674643581291,0.7155403575160127,0.011966076808894792,5,0.5767103787095307,0.006211820216850552,0.5693548931286777,0.5841693909094547,0.5792583026607224,0.010771126107961434,5,0.48382419300460117,0.006328905428993041,0.474350035206656,0.49211362858105223,0.48411114656201465,0.013081002398184856
minecraft,knn,250,5,"001,002,003,004,005",40.0,True,0.0,5,0.7044133821610387,0.007508177216189818,0.6954595578063433,0.7118042829202327,0.7083860936284799,0.01065876572809536,5,0.7042000461143691,0.007445767093777284,0.6951831366965888,0.7115617785110616,0.7081096725187255,0.010573369222086102,5,0.45854079368569584,0.017651558928365067,0.43039888640513857,0.47620738448865907,0.4593114073960689,0.03849506777027177,5,0.7966504678453623,0.006782042160834606,0.788208532154259,0.8044784980616143,0.797877155790517,0.008513196733791497,5,0.5574072782263494,0.017515988699247375,0.5319512195121952,0.5791826923076923,0.5559090909090909,0.03142404016499864,5,0.4126723673795289,0.01801467497355583,0.383341550925411,0.4301694071761332,0.413221365446007,0.0436536981818024
minecraft,knn,50,5,"001,002,003,004,005",40.0,True,0.0,5,0.5881716146790813,0.005813613871187889,0.579099818746881,0.594814045714517,0.5885994464903022,0.009884213597012697,5,0.5889885697815225,0.005850153590972466,0.5800730923489084,0.5960232607147253,0.5892552468731419,0.00993254180321785,5,0.5715767664917422,0.006961314762139441,0.5615166713816088,0.5802255703328066,0.5723592010119773,0.01217914227841522,5,0.5721033674221088,0.006885527043288692,0.562032109193856,0.5804421127141078,0.5729204717114118,0.012035459735737613,5,0.5957553148771536,0.004781821966324427,0.5881493229045249,0.6014204578979587,0.5965255062628454,0.008026486456625993,5,0.5889885697815225,0.005850153590972466,0.5800730923489084,0.5960232607147253,0.5892552468731419,0.00993254180321785
minecraft,mlp,10,5,"001,002,003,004,005",40.0,True,0.0,5,0.5698334772373614,0.0026975543649910907,0.5668356911535287,0.5736427742648642,0.5687805928696449,0.004733934513762233,5,0.5717211128551453,0.002676972670849184,0.568709739988684,0.5754299702708316,0.5706952365430176,0.004682305079622691,5,0.546911480464812,0.0024034362889682062,0.5440549282314123,0.5499568805783376,0.5459199267804445,0.004394561779770213,5,0.5458471926574187,0.002401773063011792,0.5430033813194008,0.5489255779242794,0.5448619267386455,0.004400083201525557,5,0.5672708886985817,0.0031649666520477734,0.5637577267913035,0.5721448527400133,0.5665642864607559,0.005579286219514558,5,0.5717211128551453,0.002676972670849184,0.568709739988684,0.5754299702708316,0.5706952365430176,0.004682305079622691
minecraft,mlp,100,5,"001,002,003,004,005",40.0,True,0.0,5,0.596098815206914,0.00422517240574277,0.5895564734968401,0.6004045697274496,0.5974267861576641,0.0070880402677468085,5,0.6037429986526407,0.005815602271717395,0.5954266794765166,0.6107805556641989,0.6048027387720707,0.009632579234369491,5,0.5749849991811281,0.00736385299401699,0.5633402598635475,0.5814343652705019,0.5782674592248591,0.012807034973963339,5,0.5786016102739219,0.006695710050499981,0.5679826135723722,0.5840780910422373,0.5817978506015693,0.01157222851026995,5,0.6076026529097973,0.008165882647348145,0.5937993809383781,0.6132649668829517,0.6118548196878476,0.013439511180936902,5,0.6037429986526407,0.005815602271717395,0.5954266794765166,0.6107805556641989,0.6048027387720707,0.009632579234369491
minecraft,mlp,150,5,"001,002,003,004,005",40.0,True,0.0,5,0.6019609126756348,0.007149048803642765,0.5950900810667574,0.612754289846418,0.6025986486407112,0.011876267467045678,5,0.612036468879286,0.00797024227831553,0.6034898862824877,0.6226982303211315,0.6145135218097916,0.013022495690346724,5,0.563307759123734,0.006059110559383345,0.5552314336939783,0.5697997053775143,0.5614572790026854,0.010756305875865672,5,0.5892755519050458,0.007325073204793256,0.5805291885122112,0.6001282310789195,0.5890340278801203,0.012430641626166765,5,0.598618256794371,0.011857307356912775,0.5864844680519178,0.6144271974187244,0.6010708122168329,0.01980779440374775,5,0.5874394946729368,0.007507830177691908,0.576355709695186,0.5958069245875693,0.5865196248915886,0.012780601654766119
minecraft,mlp,200,5,"001,002,003,004,005",40.0,True,0.0,5,0.6152887006496546,0.011710189676633922,0.6006421565538895,0.6301308718841694,0.6173451069244533,0.019032024583369854,5,0.6174574930973842,0.011535394192126494,0.6033100318530452,0.6325679811764747,0.6190019863992069,0.018682086331580326,5,0.4625437832345091,0.006478485551646744,0.4567263993483692,0.4700690455845519,0.46038069818737093,0.014006210409625503,5,0.6726264472136937,0.009746496643221428,0.6603742130084905,0.6828700876730854,0.6777163040975224,0.014490207281613121,5,0.5504479317929685,0.0039220411199312796,0.5437162144916555,0.5532638271171816,0.5524149770297866,0.00712518095427492,5,0.438953541822507,0.008047038859774005,0.43077897160384515,0.44910682894598475,0.4370601011371823,0.01833232470653549
minecraft,mlp,250,5,"001,002,003,004,005",40.0,True,0.0,5,0.6045237603559036,0.013646032726771447,0.5889748858329265,0.6194510804037368,0.6003915323917007,0.022573195003514113,5,0.6044723765545198,0.013652054073033916,0.5889647108227514,0.6193476344669575,0.6004339282674299,0.02258507518714146,5,0.37823327086881486,0.012979730643854442,0.35749623374803213,0.3881480230719338,0.3843823865890621,0.034316734257775774,5,0.7157113378485904,0.01473869891162213,0.6998759800408672,0.7339049316447658,0.7120952203371245,0.02059307730952855,5,0.5110572961220433,0.006681881645320561,0.5037387556221888,0.5175824175824176,0.5142506142506142,0.013074623327019072,5,0.32267345933953095,0.011613020658837063,0.3055135670787473,0.3323369275036783,0.32944213130187655,0.03599000885479503
minecraft,mlp,50,5,"001,002,003,004,005",40.0,True,0.0,5,0.5888162381340947,0.0030731285447252914,0.58493391500859,0.5926728446893514,0.588736998331892,0.005219164054414935,5,0.5924652404366842,0.0031933472748443773,0.5886200059247978,0.5965106957063313,0.592188114301121,0.005389931859109032,5,0.5698148646770651,0.0029013340345532975,0.5665947651488736,0.5738550550245736,0.5700623994883547,0.005091713492236798,5,0.5688675542227128,0.0028354380673483405,0.5657609410195166,0.5729143651929578,0.5691677509574522,0.004984355402766143,5,0.5937669919796077,0.0027798386849616284,0.591057065257264,0.5980774852264934,0.5933199535849333,0.0046816995934612325,5,0.5924652404366842,0.0031933472748443773,0.5886200059247978,0.5965106957063313,0.592188114301121,0.005389931859109032
minecraft,random-forest,10,5,"001,002,003,004,005",40.0,True,0.0,5,0.5647098022640149,0.001937990135535611,0.562599135982709,0.567103201756619,0.5645811570018714,0.0034318337095724004,5,0.5669583389588311,0.001905883542242549,0.5648372796442654,0.5692366599497445,0.5668411638883668,0.0033615936326865494,5,0.5356950113328954,0.0018925117884498815,0.5335206842180293,0.538375778548269,0.5354578229503403,0.003532815778405342,5,0.5343573861018432,0.001911255542794799,0.532183582712212,0.5370968972036676,0.5341205316380735,0.0035767364548611904,5,0.5612368534859957,0.0020323959301866666,0.55905672342861,0.5634239649052472,0.5611407387502589,0.0036212802448073378,5,0.5669583389588311,0.001905883542242549,0.5648372796442654,0.5692366599497445,0.5668411638883668,0.0033615936326865494
minecraft,random-forest,100,5,"001,002,003,004,005",40.0,True,0.0,5,0.6006679935670153,0.0012743746187915631,0.5986881794410341,0.6020347465646001,0.6008295055908844,0.002121595677545259,5,0.6115239432738642,0.0015806613443762002,0.6101924586299855,0.6141429293568079,0.6108384495833274,0.0025847906067486856,5,0.5804285073927163,0.001540398973019594,0.5785480015237736,0.5825136162129642,0.5806934796616503,0.0026538995817746154,5,0.5813495228965769,0.001472245979203727,0.5794246673868335,0.5826904483578427,0.5821264650310056,0.002532462694504769,5,0.6105268614979943,0.002423407336253594,0.6078039749159851,0.6132640075655975,0.6109324330199406,0.003969370537288891,5,0.6115239432738642,0.0015806613443762002,0.6101924586299855,0.6141429293568079,0.6108384495833274,0.0025847906067486856
minecraft,random-forest,150,5,"001,002,003,004,005",40.0,True,0.0,5,0.6203569927708029,0.008977746395781071,0.6083958045914446,0.6291171574061708,0.6251758002856675,0.014471903275696594,5,0.6323309157560868,0.00861361601737751,0.6208591166288903,0.6411742403351026,0.6368030402511267,0.013622006773270117,5,0.5814752427872061,0.010306744976391361,0.5669114068321173,0.5918765314689605,0.5817672183582723,0.017725165609781893,5,0.6047341389406323,0.007057553342730174,0.5954270930905265,0.6107340613167034,0.6081459015441624,0.011670505910404746,5,0.6050328941504874,0.009870361151188969,0.5945167615133248,0.6152587064515875,0.606387621984771,0.016313759543681857,5,0.6084025923433884,0.011010552335325354,0.592527023374922,0.6197766708906582,0.608074790530314,0.01809747767989603
minecraft,random-forest,200,5,"001,002,003,004,005",40.0,True,0.0,5,0.6033195067734362,0.00995090877545924,0.5922453111004173,0.6190455135765547,0.6027531374411437,0.016493596947787886,5,0.6053306081670617,0.010255287317721403,0.5938709250407473,0.6215104738531464,0.6051115976231854,0.016941630208943778,5,0.4776400275014442,0.02295972581905868,0.4518087655587724,0.5140503191993913,0.4710575310312629,0.04806909910620767,5,0.6500304668242836,0.008185959920664914,0.6394034401241978,0.6615515704826771,0.6505650459331437,0.012593194224660464,5,0.567037169593209,0.01924712664238155,0.5514966679272119,0.5986948838085067,0.5611334514660007,0.03394332448468835,5,0.4594350765952021,0.024160211545158558,0.4333903181280078,0.4985395071286245,0.4526537817476427,0.05258678053971394
minecraft,random-forest,250,5,"001,002,003,004,005",40.0,True,0.0,5,0.585945795854214,0.005112365766427529,0.5794707037901918,0.592442303514269,0.5852900515562143,0.008724980710842933,5,0.5859552925303775,0.005065237087709333,0.5794817267178815,0.5923948201334523,0.5853265120093415,0.008644408800944038,5,0.3827987279275077,0.010875279019504556,0.37003519344937386,0.3952102576990792,0.3805400982455961,0.028409914208398456,5,0.673731667499734,0.0065767944885897186,0.6682226668051262,0.6844715270616422,0.6718584401959473,0.009761741663408326,5,0.5095145216434047,0.018036489379028183,0.48076040391676866,0.5288643292682927,0.5154166666666666,0.035399362751924526,5,0.3389391847267272,0.011968439285468587,0.32678642450283923,0.35388971775903383,0.33812574345067237,0.035311465374292
minecraft,random-forest,50,5,"001,002,003,004,005",40.0,True,0.0,5,0.5904166294009634,0.005694947088880534,0.5848354389154523,0.5999160282553305,0.5896999205431578,0.009645641408607726,5,0.5955284321573252,0.00608052138794294,0.5901078357802183,0.6059510002945734,0.5940988505252023,0.010210295696405311,5,0.5689560158348324,0.0060218819561093945,0.5629996405254654,0.5790381814106196,0.5678859810626222,0.010584090489443991,5,0.5672619765168558,0.00583131460016285,0.561126855024896,0.5768246878602133,0.5662996723533706,0.010279755812241676,5,0.5950356842642093,0.006334084845888593,0.5873295184330327,0.6045117659264825,0.5955141700892777,0.0106448823379744,5,0.5955284321573252,0.00608052138794294,0.5901078357802183,0.6059510002945734,0.5940988505252023,0.010210295696405311
